--
-- PostgreSQL database dump
--

\restrict hcDgEgu7lJF43emh4AmwYx9TORsDuTwreW5w7PtvwFWig5IvA1sdCOcy6P1PQOV

-- Dumped from database version 17.6 (Ubuntu 17.6-2.pgdg22.04+1)
-- Dumped by pg_dump version 18.0 (Ubuntu 18.0-1.pgdg22.04+3)

SET statement_timeout = 0;
SET lock_timeout = 0;
SET idle_in_transaction_session_timeout = 0;
SET transaction_timeout = 0;
SET client_encoding = 'UTF8';
SET standard_conforming_strings = on;
SELECT pg_catalog.set_config('search_path', '', false);
SET check_function_bodies = false;
SET xmloption = content;
SET client_min_messages = warning;
SET row_security = off;

--
-- Name: public; Type: SCHEMA; Schema: -; Owner: postgres
--

-- *not* creating schema, since initdb creates it


ALTER SCHEMA public OWNER TO postgres;

SET default_tablespace = '';

SET default_table_access_method = heap;

--
-- Name: auth_group; Type: TABLE; Schema: public; Owner: postgres
--

CREATE TABLE public.auth_group (
    id integer NOT NULL,
    name character varying(150) NOT NULL
);


ALTER TABLE public.auth_group OWNER TO postgres;

--
-- Name: auth_group_id_seq; Type: SEQUENCE; Schema: public; Owner: postgres
--

ALTER TABLE public.auth_group ALTER COLUMN id ADD GENERATED BY DEFAULT AS IDENTITY (
    SEQUENCE NAME public.auth_group_id_seq
    START WITH 1
    INCREMENT BY 1
    NO MINVALUE
    NO MAXVALUE
    CACHE 1
);


--
-- Name: auth_group_permissions; Type: TABLE; Schema: public; Owner: postgres
--

CREATE TABLE public.auth_group_permissions (
    id bigint NOT NULL,
    group_id integer NOT NULL,
    permission_id integer NOT NULL
);


ALTER TABLE public.auth_group_permissions OWNER TO postgres;

--
-- Name: auth_group_permissions_id_seq; Type: SEQUENCE; Schema: public; Owner: postgres
--

ALTER TABLE public.auth_group_permissions ALTER COLUMN id ADD GENERATED BY DEFAULT AS IDENTITY (
    SEQUENCE NAME public.auth_group_permissions_id_seq
    START WITH 1
    INCREMENT BY 1
    NO MINVALUE
    NO MAXVALUE
    CACHE 1
);


--
-- Name: auth_permission; Type: TABLE; Schema: public; Owner: postgres
--

CREATE TABLE public.auth_permission (
    id integer NOT NULL,
    name character varying(255) NOT NULL,
    content_type_id integer NOT NULL,
    codename character varying(100) NOT NULL
);


ALTER TABLE public.auth_permission OWNER TO postgres;

--
-- Name: auth_permission_id_seq; Type: SEQUENCE; Schema: public; Owner: postgres
--

ALTER TABLE public.auth_permission ALTER COLUMN id ADD GENERATED BY DEFAULT AS IDENTITY (
    SEQUENCE NAME public.auth_permission_id_seq
    START WITH 1
    INCREMENT BY 1
    NO MINVALUE
    NO MAXVALUE
    CACHE 1
);


--
-- Name: auth_user; Type: TABLE; Schema: public; Owner: postgres
--

CREATE TABLE public.auth_user (
    id integer NOT NULL,
    password character varying(128) NOT NULL,
    last_login timestamp with time zone,
    is_superuser boolean NOT NULL,
    username character varying(150) NOT NULL,
    first_name character varying(150) NOT NULL,
    last_name character varying(150) NOT NULL,
    email character varying(254) NOT NULL,
    is_staff boolean NOT NULL,
    is_active boolean NOT NULL,
    date_joined timestamp with time zone NOT NULL
);


ALTER TABLE public.auth_user OWNER TO postgres;

--
-- Name: auth_user_groups; Type: TABLE; Schema: public; Owner: postgres
--

CREATE TABLE public.auth_user_groups (
    id bigint NOT NULL,
    user_id integer NOT NULL,
    group_id integer NOT NULL
);


ALTER TABLE public.auth_user_groups OWNER TO postgres;

--
-- Name: auth_user_groups_id_seq; Type: SEQUENCE; Schema: public; Owner: postgres
--

ALTER TABLE public.auth_user_groups ALTER COLUMN id ADD GENERATED BY DEFAULT AS IDENTITY (
    SEQUENCE NAME public.auth_user_groups_id_seq
    START WITH 1
    INCREMENT BY 1
    NO MINVALUE
    NO MAXVALUE
    CACHE 1
);


--
-- Name: auth_user_id_seq; Type: SEQUENCE; Schema: public; Owner: postgres
--

ALTER TABLE public.auth_user ALTER COLUMN id ADD GENERATED BY DEFAULT AS IDENTITY (
    SEQUENCE NAME public.auth_user_id_seq
    START WITH 1
    INCREMENT BY 1
    NO MINVALUE
    NO MAXVALUE
    CACHE 1
);


--
-- Name: auth_user_user_permissions; Type: TABLE; Schema: public; Owner: postgres
--

CREATE TABLE public.auth_user_user_permissions (
    id bigint NOT NULL,
    user_id integer NOT NULL,
    permission_id integer NOT NULL
);


ALTER TABLE public.auth_user_user_permissions OWNER TO postgres;

--
-- Name: auth_user_user_permissions_id_seq; Type: SEQUENCE; Schema: public; Owner: postgres
--

ALTER TABLE public.auth_user_user_permissions ALTER COLUMN id ADD GENERATED BY DEFAULT AS IDENTITY (
    SEQUENCE NAME public.auth_user_user_permissions_id_seq
    START WITH 1
    INCREMENT BY 1
    NO MINVALUE
    NO MAXVALUE
    CACHE 1
);


--
-- Name: django_admin_log; Type: TABLE; Schema: public; Owner: postgres
--

CREATE TABLE public.django_admin_log (
    id integer NOT NULL,
    action_time timestamp with time zone NOT NULL,
    object_id text,
    object_repr character varying(200) NOT NULL,
    action_flag smallint NOT NULL,
    change_message text NOT NULL,
    content_type_id integer,
    user_id integer NOT NULL,
    CONSTRAINT django_admin_log_action_flag_check CHECK ((action_flag >= 0))
);


ALTER TABLE public.django_admin_log OWNER TO postgres;

--
-- Name: django_admin_log_id_seq; Type: SEQUENCE; Schema: public; Owner: postgres
--

ALTER TABLE public.django_admin_log ALTER COLUMN id ADD GENERATED BY DEFAULT AS IDENTITY (
    SEQUENCE NAME public.django_admin_log_id_seq
    START WITH 1
    INCREMENT BY 1
    NO MINVALUE
    NO MAXVALUE
    CACHE 1
);


--
-- Name: django_content_type; Type: TABLE; Schema: public; Owner: postgres
--

CREATE TABLE public.django_content_type (
    id integer NOT NULL,
    app_label character varying(100) NOT NULL,
    model character varying(100) NOT NULL
);


ALTER TABLE public.django_content_type OWNER TO postgres;

--
-- Name: django_content_type_id_seq; Type: SEQUENCE; Schema: public; Owner: postgres
--

ALTER TABLE public.django_content_type ALTER COLUMN id ADD GENERATED BY DEFAULT AS IDENTITY (
    SEQUENCE NAME public.django_content_type_id_seq
    START WITH 1
    INCREMENT BY 1
    NO MINVALUE
    NO MAXVALUE
    CACHE 1
);


--
-- Name: django_migrations; Type: TABLE; Schema: public; Owner: postgres
--

CREATE TABLE public.django_migrations (
    id bigint NOT NULL,
    app character varying(255) NOT NULL,
    name character varying(255) NOT NULL,
    applied timestamp with time zone NOT NULL
);


ALTER TABLE public.django_migrations OWNER TO postgres;

--
-- Name: django_migrations_id_seq; Type: SEQUENCE; Schema: public; Owner: postgres
--

ALTER TABLE public.django_migrations ALTER COLUMN id ADD GENERATED BY DEFAULT AS IDENTITY (
    SEQUENCE NAME public.django_migrations_id_seq
    START WITH 1
    INCREMENT BY 1
    NO MINVALUE
    NO MAXVALUE
    CACHE 1
);


--
-- Name: django_session; Type: TABLE; Schema: public; Owner: postgres
--

CREATE TABLE public.django_session (
    session_key character varying(40) NOT NULL,
    session_data text NOT NULL,
    expire_date timestamp with time zone NOT NULL
);


ALTER TABLE public.django_session OWNER TO postgres;

--
-- Name: tewa_defendedasset; Type: TABLE; Schema: public; Owner: postgres
--

CREATE TABLE public.tewa_defendedasset (
    id bigint NOT NULL,
    name character varying(255) NOT NULL,
    lat double precision NOT NULL,
    lon double precision NOT NULL,
    radius_km double precision NOT NULL,
    created_at timestamp with time zone NOT NULL,
    updated_at timestamp with time zone NOT NULL
);


ALTER TABLE public.tewa_defendedasset OWNER TO postgres;

--
-- Name: tewa_defendedasset_id_seq; Type: SEQUENCE; Schema: public; Owner: postgres
--

ALTER TABLE public.tewa_defendedasset ALTER COLUMN id ADD GENERATED BY DEFAULT AS IDENTITY (
    SEQUENCE NAME public.tewa_defendedasset_id_seq
    START WITH 1
    INCREMENT BY 1
    NO MINVALUE
    NO MAXVALUE
    CACHE 1
);


--
-- Name: tewa_modelparams; Type: TABLE; Schema: public; Owner: postgres
--

CREATE TABLE public.tewa_modelparams (
    id bigint NOT NULL,
    w_cpa double precision NOT NULL,
    w_tcpa double precision NOT NULL,
    w_tdb double precision NOT NULL,
    w_twrp double precision NOT NULL,
    cpa_scale_km double precision NOT NULL,
    tcpa_scale_s double precision NOT NULL,
    tdb_scale_km double precision NOT NULL,
    twrp_scale_s double precision NOT NULL,
    clamp_0_1 boolean NOT NULL,
    scenario_id bigint NOT NULL,
    created_at timestamp with time zone NOT NULL,
    updated_at timestamp with time zone NOT NULL
);


ALTER TABLE public.tewa_modelparams OWNER TO postgres;

--
-- Name: tewa_modelparams_id_seq; Type: SEQUENCE; Schema: public; Owner: postgres
--

ALTER TABLE public.tewa_modelparams ALTER COLUMN id ADD GENERATED BY DEFAULT AS IDENTITY (
    SEQUENCE NAME public.tewa_modelparams_id_seq
    START WITH 1
    INCREMENT BY 1
    NO MINVALUE
    NO MAXVALUE
    CACHE 1
);


--
-- Name: tewa_scenario; Type: TABLE; Schema: public; Owner: postgres
--

CREATE TABLE public.tewa_scenario (
    id bigint NOT NULL,
    created_at timestamp with time zone NOT NULL,
    updated_at timestamp with time zone NOT NULL,
    name character varying(128) NOT NULL,
    description text,
    end_time timestamp with time zone,
    notes text,
    start_time timestamp with time zone
);


ALTER TABLE public.tewa_scenario OWNER TO postgres;

--
-- Name: tewa_scenario_id_seq; Type: SEQUENCE; Schema: public; Owner: postgres
--

ALTER TABLE public.tewa_scenario ALTER COLUMN id ADD GENERATED BY DEFAULT AS IDENTITY (
    SEQUENCE NAME public.tewa_scenario_id_seq
    START WITH 1
    INCREMENT BY 1
    NO MINVALUE
    NO MAXVALUE
    CACHE 1
);


--
-- Name: tewa_threatscore; Type: TABLE; Schema: public; Owner: postgres
--

CREATE TABLE public.tewa_threatscore (
    id bigint NOT NULL,
    cpa_km double precision,
    tcpa_s double precision,
    tdb_km double precision,
    twrp_s double precision,
    score double precision,
    computed_at timestamp with time zone NOT NULL,
    da_id bigint NOT NULL,
    track_id bigint NOT NULL,
    created_at timestamp with time zone NOT NULL,
    updated_at timestamp with time zone NOT NULL,
    scenario_id bigint
);


ALTER TABLE public.tewa_threatscore OWNER TO postgres;

--
-- Name: tewa_threatscore_id_seq; Type: SEQUENCE; Schema: public; Owner: postgres
--

ALTER TABLE public.tewa_threatscore ALTER COLUMN id ADD GENERATED BY DEFAULT AS IDENTITY (
    SEQUENCE NAME public.tewa_threatscore_id_seq
    START WITH 1
    INCREMENT BY 1
    NO MINVALUE
    NO MAXVALUE
    CACHE 1
);


--
-- Name: tewa_track; Type: TABLE; Schema: public; Owner: postgres
--

CREATE TABLE public.tewa_track (
    id bigint NOT NULL,
    track_id character varying(64) NOT NULL,
    lat double precision NOT NULL,
    lon double precision NOT NULL,
    alt_m double precision NOT NULL,
    speed_mps double precision NOT NULL,
    heading_deg double precision NOT NULL,
    created_at timestamp with time zone NOT NULL,
    updated_at timestamp with time zone NOT NULL,
    scenario_id bigint
);


ALTER TABLE public.tewa_track OWNER TO postgres;

--
-- Name: tewa_track_id_seq; Type: SEQUENCE; Schema: public; Owner: postgres
--

ALTER TABLE public.tewa_track ALTER COLUMN id ADD GENERATED BY DEFAULT AS IDENTITY (
    SEQUENCE NAME public.tewa_track_id_seq
    START WITH 1
    INCREMENT BY 1
    NO MINVALUE
    NO MAXVALUE
    CACHE 1
);


--
-- Name: tewa_tracksample; Type: TABLE; Schema: public; Owner: postgres
--

CREATE TABLE public.tewa_tracksample (
    id bigint NOT NULL,
    created_at timestamp with time zone NOT NULL,
    updated_at timestamp with time zone NOT NULL,
    t timestamp with time zone NOT NULL,
    lat double precision NOT NULL,
    lon double precision NOT NULL,
    alt_m double precision NOT NULL,
    speed_mps double precision NOT NULL,
    heading_deg double precision NOT NULL,
    track_id bigint NOT NULL
);


ALTER TABLE public.tewa_tracksample OWNER TO postgres;

--
-- Name: tewa_tracksample_id_seq; Type: SEQUENCE; Schema: public; Owner: postgres
--

ALTER TABLE public.tewa_tracksample ALTER COLUMN id ADD GENERATED BY DEFAULT AS IDENTITY (
    SEQUENCE NAME public.tewa_tracksample_id_seq
    START WITH 1
    INCREMENT BY 1
    NO MINVALUE
    NO MAXVALUE
    CACHE 1
);


--
-- Data for Name: auth_group; Type: TABLE DATA; Schema: public; Owner: postgres
--

COPY public.auth_group (id, name) FROM stdin;
\.


--
-- Data for Name: auth_group_permissions; Type: TABLE DATA; Schema: public; Owner: postgres
--

COPY public.auth_group_permissions (id, group_id, permission_id) FROM stdin;
\.


--
-- Data for Name: auth_permission; Type: TABLE DATA; Schema: public; Owner: postgres
--

COPY public.auth_permission (id, name, content_type_id, codename) FROM stdin;
1	Can add log entry	1	add_logentry
2	Can change log entry	1	change_logentry
3	Can delete log entry	1	delete_logentry
4	Can view log entry	1	view_logentry
5	Can add permission	2	add_permission
6	Can change permission	2	change_permission
7	Can delete permission	2	delete_permission
8	Can view permission	2	view_permission
9	Can add group	3	add_group
10	Can change group	3	change_group
11	Can delete group	3	delete_group
12	Can view group	3	view_group
13	Can add user	4	add_user
14	Can change user	4	change_user
15	Can delete user	4	delete_user
16	Can view user	4	view_user
17	Can add content type	5	add_contenttype
18	Can change content type	5	change_contenttype
19	Can delete content type	5	delete_contenttype
20	Can view content type	5	view_contenttype
21	Can add session	6	add_session
22	Can change session	6	change_session
23	Can delete session	6	delete_session
24	Can view session	6	view_session
25	Can add defended asset	7	add_defendedasset
26	Can change defended asset	7	change_defendedasset
27	Can delete defended asset	7	delete_defendedasset
28	Can view defended asset	7	view_defendedasset
29	Can add track	8	add_track
30	Can change track	8	change_track
31	Can delete track	8	delete_track
32	Can view track	8	view_track
33	Can add threat score	9	add_threatscore
34	Can change threat score	9	change_threatscore
35	Can delete threat score	9	delete_threatscore
36	Can view threat score	9	view_threatscore
37	Can add model params	10	add_modelparams
38	Can change model params	10	change_modelparams
39	Can delete model params	10	delete_modelparams
40	Can view model params	10	view_modelparams
41	Can add scenario	11	add_scenario
42	Can change scenario	11	change_scenario
43	Can delete scenario	11	delete_scenario
44	Can view scenario	11	view_scenario
45	Can add track sample	12	add_tracksample
46	Can change track sample	12	change_tracksample
47	Can delete track sample	12	delete_tracksample
48	Can view track sample	12	view_tracksample
\.


--
-- Data for Name: auth_user; Type: TABLE DATA; Schema: public; Owner: postgres
--

COPY public.auth_user (id, password, last_login, is_superuser, username, first_name, last_name, email, is_staff, is_active, date_joined) FROM stdin;
1	pbkdf2_sha256$870000$EvIdhfzotQfcwYQqy236gi$1emw/lKmOu0S9YbaAmvvhoFv4gRJHbPZ52niJQ+l9m0=	2025-09-30 11:53:23.057366+05:30	t	kunj			kunj.penta@gmail.com	t	t	2025-09-30 11:52:40.119921+05:30
\.


--
-- Data for Name: auth_user_groups; Type: TABLE DATA; Schema: public; Owner: postgres
--

COPY public.auth_user_groups (id, user_id, group_id) FROM stdin;
\.


--
-- Data for Name: auth_user_user_permissions; Type: TABLE DATA; Schema: public; Owner: postgres
--

COPY public.auth_user_user_permissions (id, user_id, permission_id) FROM stdin;
\.


--
-- Data for Name: django_admin_log; Type: TABLE DATA; Schema: public; Owner: postgres
--

COPY public.django_admin_log (id, action_time, object_id, object_repr, action_flag, change_message, content_type_id, user_id) FROM stdin;
1	2025-10-07 09:56:58.092554+05:30	4	Test DA at 26.85, 80.95 with radius 60.0 km	3		7	1
\.


--
-- Data for Name: django_content_type; Type: TABLE DATA; Schema: public; Owner: postgres
--

COPY public.django_content_type (id, app_label, model) FROM stdin;
1	admin	logentry
2	auth	permission
3	auth	group
4	auth	user
5	contenttypes	contenttype
6	sessions	session
7	tewa	defendedasset
8	tewa	track
9	tewa	threatscore
10	tewa	modelparams
11	tewa	scenario
12	tewa	tracksample
\.


--
-- Data for Name: django_migrations; Type: TABLE DATA; Schema: public; Owner: postgres
--

COPY public.django_migrations (id, app, name, applied) FROM stdin;
1	contenttypes	0001_initial	2025-09-30 11:16:41.977328+05:30
2	auth	0001_initial	2025-09-30 11:16:41.999148+05:30
3	admin	0001_initial	2025-09-30 11:16:42.009028+05:30
4	admin	0002_logentry_remove_auto_add	2025-09-30 11:16:42.01364+05:30
5	admin	0003_logentry_add_action_flag_choices	2025-09-30 11:16:42.020901+05:30
6	contenttypes	0002_remove_content_type_name	2025-09-30 11:16:42.029966+05:30
7	auth	0002_alter_permission_name_max_length	2025-09-30 11:16:42.034915+05:30
8	auth	0003_alter_user_email_max_length	2025-09-30 11:16:42.039885+05:30
9	auth	0004_alter_user_username_opts	2025-09-30 11:16:42.044471+05:30
10	auth	0005_alter_user_last_login_null	2025-09-30 11:16:42.049658+05:30
11	auth	0006_require_contenttypes_0002	2025-09-30 11:16:42.050494+05:30
12	auth	0007_alter_validators_add_error_messages	2025-09-30 11:16:42.058739+05:30
13	auth	0008_alter_user_username_max_length	2025-09-30 11:16:42.066317+05:30
14	auth	0009_alter_user_last_name_max_length	2025-09-30 11:16:42.071157+05:30
15	auth	0010_alter_group_name_max_length	2025-09-30 11:16:42.07637+05:30
16	auth	0011_update_proxy_permissions	2025-09-30 11:16:42.080631+05:30
17	auth	0012_alter_user_first_name_max_length	2025-09-30 11:16:42.08555+05:30
18	sessions	0001_initial	2025-09-30 11:16:42.088812+05:30
19	tewa	0001_initial	2025-09-30 11:16:42.096835+05:30
20	tewa	0002_modelparams_scenario_tracksample_and_more	2025-09-30 12:12:47.685151+05:30
21	tewa	0003_alter_modelparams_options	2025-09-30 15:46:22.61431+05:30
22	tewa	0004_alter_scenario_options_and_more	2025-10-04 12:15:12.618413+05:30
23	tewa	0005_scenario_end_time_scenario_notes_scenario_start_time	2025-10-04 12:23:11.391216+05:30
24	tewa	0006_alter_modelparams_options_and_more	2025-10-04 16:18:42.940527+05:30
25	tewa	0007_remove_defendedasset_da_radius_nonneg_and_more	2025-10-06 17:25:55.710602+05:30
26	tewa	0008_modelparams_created_at_modelparams_updated_at	2025-10-07 09:54:35.318431+05:30
\.


--
-- Data for Name: django_session; Type: TABLE DATA; Schema: public; Owner: postgres
--

COPY public.django_session (session_key, session_data, expire_date) FROM stdin;
mfn585ozbiaiqz2a5oo8s320tyv4u4i7	.eJxVjMsOgjAQRf-la9PYgUHGpXu-gcyjtaiBhMLK-O9CwkK395xz367ndcn9WuLcD-auLrjT7yaszzjuwB483iev07jMg_hd8Qctvpssvm6H-3eQueStFmwqUD5HCBeoVHFLExJCW1stjQApJEqaIJrEZIRckaAItkQcyH2--zE4yw:1v3Tlj:4B383P_Htv559P27QlvboJZiUoP83CC0872Fk-sEwpU	2025-10-14 11:53:23.059809+05:30
\.


--
-- Data for Name: tewa_defendedasset; Type: TABLE DATA; Schema: public; Owner: postgres
--

COPY public.tewa_defendedasset (id, name, lat, lon, radius_km, created_at, updated_at) FROM stdin;
2	DA-Bravo (Jodhpur)	26.2389	73.0243	30	2025-09-30 11:30:00+05:30	2025-09-30 11:30:00+05:30
3	DA-Charlie (Bikaner)	28.0229	73.3119	20	2025-10-08 14:27:16.971699+05:30	2025-10-08 14:27:16.971714+05:30
4	Kunj	26.3	70.5	100	2025-10-08 14:56:56.816744+05:30	2025-10-08 15:13:47.84236+05:30
\.


--
-- Data for Name: tewa_modelparams; Type: TABLE DATA; Schema: public; Owner: postgres
--

COPY public.tewa_modelparams (id, w_cpa, w_tcpa, w_tdb, w_twrp, cpa_scale_km, tcpa_scale_s, tdb_scale_km, twrp_scale_s, clamp_0_1, scenario_id, created_at, updated_at) FROM stdin;
2	0.25	0.25	0.25	0.25	20	120	30	120	t	2	2025-10-07 09:54:35.306239+05:30	2025-10-07 09:54:35.31765+05:30
3	0.25	0.25	0.25	0.25	20	120	30	120	t	3	2025-10-07 09:54:35.306239+05:30	2025-10-07 09:54:35.31765+05:30
4	0.25	0.25	0.25	0.25	20	120	30	120	t	4	2025-10-07 09:54:35.306239+05:30	2025-10-07 09:54:35.31765+05:30
1	0.3	0.3	0.2	0.2	20	120	30	120	t	1	2025-09-30 11:30:00+05:30	2025-09-30 11:30:00+05:30
\.


--
-- Data for Name: tewa_scenario; Type: TABLE DATA; Schema: public; Owner: postgres
--

COPY public.tewa_scenario (id, created_at, updated_at, name, description, end_time, notes, start_time) FROM stdin;
4	2025-10-01 13:43:31.708587+05:30	2025-10-01 13:43:31.708596+05:30	Scenario-4	\N	\N	\N	\N
1	2025-09-30 11:30:00+05:30	2025-09-30 11:30:00+05:30	Demo-Scenario	\N	\N	Seeded demo scenario for TEWA.	2025-09-30 11:30:00+05:30
2	2025-09-30 11:30:00+05:30	2025-09-30 11:30:00+05:30	Scenario-2	\N	\N	Seeded scenario 2.	2025-09-30 11:30:00+05:30
3	2025-09-30 11:30:00+05:30	2025-09-30 11:30:00+05:30	Scenario-3	\N	\N	Seeded scenario 3.	2025-09-30 11:30:00+05:30
\.


--
-- Data for Name: tewa_threatscore; Type: TABLE DATA; Schema: public; Owner: postgres
--

COPY public.tewa_threatscore (id, cpa_km, tcpa_s, tdb_km, twrp_s, score, computed_at, da_id, track_id, created_at, updated_at, scenario_id) FROM stdin;
2	304.09283613022603	1934.419314033663	523.0527623280824	\N	0.04688528813023618	2025-10-01 12:53:01.322176+05:30	2	1	2025-10-01 12:53:01.322151+05:30	2025-10-01 12:53:01.322158+05:30	1
4	443.5149660033977	798.7209463706032	486.392559518227	\N	0.06374854595330604	2025-10-01 12:53:01.325782+05:30	2	2	2025-10-01 12:53:01.325759+05:30	2025-10-01 12:53:01.325766+05:30	1
6	497.28295279481677	674.8421944349064	517.0822021537955	\N	0.06785835018952252	2025-10-01 12:53:01.329239+05:30	2	3	2025-10-01 12:53:01.32916+05:30	2025-10-01 12:53:01.329182+05:30	1
8	304.09283613022603	1934.419314033663	523.0527623280824	\N	0.04688528813023618	2025-10-01 13:06:15.218275+05:30	2	1	2025-10-01 13:06:15.218251+05:30	2025-10-01 13:06:15.218259+05:30	1
10	443.5149660033977	798.7209463706032	486.392559518227	\N	0.06374854595330604	2025-10-01 13:06:15.222215+05:30	2	2	2025-10-01 13:06:15.222193+05:30	2025-10-01 13:06:15.222199+05:30	1
12	497.28295279481677	674.8421944349064	517.0822021537955	\N	0.06785835018952252	2025-10-01 13:06:15.226556+05:30	2	3	2025-10-01 13:06:15.22647+05:30	2025-10-01 13:06:15.226498+05:30	1
14	304.09283613022603	1934.419314033663	523.0527623280824	\N	0.04688528813023618	2025-10-01 13:44:03.017684+05:30	2	1	2025-10-01 13:44:03.01765+05:30	2025-10-01 13:44:03.017658+05:30	1
16	443.5149660033977	798.7209463706032	486.392559518227	\N	0.06374854595330604	2025-10-01 13:44:03.021558+05:30	2	2	2025-10-01 13:44:03.021472+05:30	2025-10-01 13:44:03.021497+05:30	1
18	497.28295279481677	674.8421944349064	517.0822021537955	\N	0.06785835018952252	2025-10-01 13:44:03.025875+05:30	2	3	2025-10-01 13:44:03.025852+05:30	2025-10-01 13:44:03.025859+05:30	1
20	304.09283613022603	1934.419314033663	523.0527623280824	\N	0.04688528813023618	2025-10-04 15:24:18.960122+05:30	2	1	2025-10-04 15:24:18.96004+05:30	2025-10-04 15:24:18.960063+05:30	1
22	443.5149660033977	798.7209463706032	486.392559518227	\N	0.06374854595330604	2025-10-04 15:24:18.963557+05:30	2	2	2025-10-04 15:24:18.963529+05:30	2025-10-04 15:24:18.963541+05:30	1
24	497.28295279481677	674.8421944349064	517.0822021537955	\N	0.06785835018952252	2025-10-04 15:24:18.96657+05:30	2	3	2025-10-04 15:24:18.966549+05:30	2025-10-04 15:24:18.966555+05:30	1
26	304.09283613022603	1934.419314033663	523.0527623280824	\N	0.04688528813023618	2025-10-04 15:24:30.865856+05:30	2	1	2025-10-04 15:24:30.865773+05:30	2025-10-04 15:24:30.865798+05:30	1
28	443.5149660033977	798.7209463706032	486.392559518227	\N	0.06374854595330604	2025-10-04 15:24:30.869993+05:30	2	2	2025-10-04 15:24:30.869972+05:30	2025-10-04 15:24:30.869978+05:30	1
30	497.28295279481677	674.8421944349064	517.0822021537955	\N	0.06785835018952252	2025-10-04 15:24:30.873195+05:30	2	3	2025-10-04 15:24:30.873174+05:30	2025-10-04 15:24:30.873181+05:30	1
32	304.09283613022603	1934.419314033663	523.0527623280824	\N	0.04688528813023618	2025-10-06 16:23:35.580495+05:30	2	1	2025-10-06 16:23:35.580453+05:30	2025-10-06 16:23:35.580467+05:30	1
34	443.5149660033977	798.7209463706032	486.392559518227	\N	0.06374854595330604	2025-10-06 16:23:35.584069+05:30	2	2	2025-10-06 16:23:35.584046+05:30	2025-10-06 16:23:35.584052+05:30	1
36	497.28295279481677	674.8421944349064	517.0822021537955	\N	0.06785835018952252	2025-10-06 16:23:35.587946+05:30	2	3	2025-10-06 16:23:35.587921+05:30	2025-10-06 16:23:35.587929+05:30	1
40	304.09283613022603	1934.419314033663	523.0527623280824	\N	0.04688528813023618	2025-10-07 16:01:16.499598+05:30	2	1	2025-10-07 16:01:16.499573+05:30	2025-10-07 16:01:16.499581+05:30	1
41	443.5149660033977	798.7209463706032	486.392559518227	\N	0.06374854595330604	2025-10-07 16:01:16.500452+05:30	2	2	2025-10-07 16:01:16.500429+05:30	2025-10-07 16:01:16.500437+05:30	1
42	497.28295279481677	674.8421944349064	517.0822021537955	\N	0.06785835018952252	2025-10-07 16:01:16.501356+05:30	2	3	2025-10-07 16:01:16.501323+05:30	2025-10-07 16:01:16.501333+05:30	1
46	380.9509729406554	1647.517214024069	537.3181552154922	\N	0.042663408325036276	2025-10-07 16:01:16.509006+05:30	2	4	2025-10-07 16:01:16.508982+05:30	2025-10-07 16:01:16.50899+05:30	2
47	435.0350742323707	1032.5370890707463	500.66432608488253	\N	0.05115092321535873	2025-10-07 16:01:16.509793+05:30	2	5	2025-10-07 16:01:16.509771+05:30	2025-10-07 16:01:16.509778+05:30	2
48	522.2941763376044	444.3334548183979	530.9590482916049	\N	0.07575010731862748	2025-10-07 16:01:16.510547+05:30	2	6	2025-10-07 16:01:16.510526+05:30	2025-10-07 16:01:16.510532+05:30	2
52	421.16772417871647	1583.1239465755266	551.6001715870029	\N	0.04184370481083596	2025-10-07 16:01:16.517344+05:30	2	7	2025-10-07 16:01:16.517318+05:30	2025-10-07 16:01:16.517327+05:30	3
53	421.45118257324543	1207.7601089025663	514.9549837061331	\N	0.047683328268431975	2025-10-07 16:01:16.518149+05:30	2	8	2025-10-07 16:01:16.518125+05:30	2025-10-07 16:01:16.518133+05:30	3
54	512.4957264075194	841.0263699307496	544.8728445830692	\N	0.05365273525358759	2025-10-07 16:01:16.518985+05:30	2	9	2025-10-07 16:01:16.518958+05:30	2025-10-07 16:01:16.518968+05:30	3
58	304.09283613022603	1934.419314033663	523.0527623280824	\N	0.04688528813023618	2025-10-08 13:55:39.637917+05:30	2	1	2025-10-08 13:55:39.637864+05:30	2025-10-08 13:55:39.637886+05:30	1
59	443.5149660033977	798.7209463706032	486.392559518227	\N	0.06374854595330604	2025-10-08 13:55:39.6391+05:30	2	2	2025-10-08 13:55:39.63907+05:30	2025-10-08 13:55:39.639081+05:30	1
60	497.28295279481677	674.8421944349064	517.0822021537955	\N	0.06785835018952252	2025-10-08 13:55:39.640256+05:30	2	3	2025-10-08 13:55:39.640232+05:30	2025-10-08 13:55:39.64024+05:30	1
64	304.09283613022603	1934.419314033663	523.0527623280824	\N	0.04688528813023618	2025-10-08 13:56:05.097231+05:30	2	1	2025-10-08 13:56:05.097198+05:30	2025-10-08 13:56:05.09721+05:30	1
65	443.5149660033977	798.7209463706032	486.392559518227	\N	0.06374854595330604	2025-10-08 13:56:05.098296+05:30	2	2	2025-10-08 13:56:05.098264+05:30	2025-10-08 13:56:05.098276+05:30	1
66	497.28295279481677	674.8421944349064	517.0822021537955	\N	0.06785835018952252	2025-10-08 13:56:05.09933+05:30	2	3	2025-10-08 13:56:05.099299+05:30	2025-10-08 13:56:05.099311+05:30	1
70	380.9509729406554	1647.517214024069	537.3181552154922	\N	0.042663408325036276	2025-10-08 13:58:50.547532+05:30	2	4	2025-10-08 13:58:50.547498+05:30	2025-10-08 13:58:50.547511+05:30	2
71	435.0350742323707	1032.5370890707463	500.66432608488253	\N	0.05115092321535873	2025-10-08 13:58:50.548649+05:30	2	5	2025-10-08 13:58:50.548618+05:30	2025-10-08 13:58:50.548629+05:30	2
72	522.2941763376044	444.3334548183979	530.9590482916049	\N	0.07575010731862748	2025-10-08 13:58:50.549951+05:30	2	6	2025-10-08 13:58:50.549919+05:30	2025-10-08 13:58:50.54993+05:30	2
76	421.16772417871647	1583.1239465755266	551.6001715870029	\N	0.04184370481083596	2025-10-08 13:58:56.743457+05:30	2	7	2025-10-08 13:58:56.743421+05:30	2025-10-08 13:58:56.743435+05:30	3
77	421.45118257324543	1207.7601089025663	514.9549837061331	\N	0.047683328268431975	2025-10-08 13:58:56.744552+05:30	2	8	2025-10-08 13:58:56.744519+05:30	2025-10-08 13:58:56.744531+05:30	3
78	512.4957264075194	841.0263699307496	544.8728445830692	\N	0.05365273525358759	2025-10-08 13:58:56.745658+05:30	2	9	2025-10-08 13:58:56.745627+05:30	2025-10-08 13:58:56.745638+05:30	3
82	304.09283613022603	1934.419314033663	523.0527623280824	\N	0.04688528813023618	2025-10-08 14:37:39.064813+05:30	2	1	2025-10-08 14:37:39.064775+05:30	2025-10-08 14:37:39.064787+05:30	1
83	443.5149660033977	798.7209463706032	486.392559518227	\N	0.06374854595330604	2025-10-08 14:37:39.066258+05:30	2	2	2025-10-08 14:37:39.066216+05:30	2025-10-08 14:37:39.066232+05:30	1
84	497.28295279481677	674.8421944349064	517.0822021537955	\N	0.06785835018952252	2025-10-08 14:37:39.067382+05:30	2	3	2025-10-08 14:37:39.067353+05:30	2025-10-08 14:37:39.067364+05:30	1
85	342.17762352978207	1037.8676423808622	411.3642150340593	\N	0.061252308480860385	2025-10-08 14:37:39.072244+05:30	3	1	2025-10-08 14:37:39.072213+05:30	2025-10-08 14:37:39.072224+05:30	1
86	378.10146218566933	39.1286871043914	378.22798229586107	\N	0.25600119711316793	2025-10-08 14:37:39.073418+05:30	3	2	2025-10-08 14:37:39.073392+05:30	2025-10-08 14:37:39.073401+05:30	1
87	334.48167963692964	1235.5047234727344	423.3147833004953	\N	0.056720330240066515	2025-10-08 14:37:39.074351+05:30	3	3	2025-10-08 14:37:39.074326+05:30	2025-10-08 14:37:39.074334+05:30	1
91	380.9509729406554	1647.517214024069	537.3181552154922	\N	0.042663408325036276	2025-10-08 14:38:17.735198+05:30	2	4	2025-10-08 14:38:17.735165+05:30	2025-10-08 14:38:17.735178+05:30	2
92	435.0350742323707	1032.5370890707463	500.66432608488253	\N	0.05115092321535873	2025-10-08 14:38:17.736263+05:30	2	5	2025-10-08 14:38:17.736231+05:30	2025-10-08 14:38:17.736243+05:30	2
93	522.2941763376044	444.3334548183979	530.9590482916049	\N	0.07575010731862748	2025-10-08 14:38:17.737305+05:30	2	6	2025-10-08 14:38:17.737274+05:30	2025-10-08 14:38:17.737286+05:30	2
94	384.1337177362688	774.1649241887714	423.39501703568254	\N	0.0624648670340038	2025-10-08 14:38:17.742225+05:30	3	4	2025-10-08 14:38:17.742193+05:30	2025-10-08 14:38:17.742204+05:30	2
95	386.34812462285686	220.57785993846085	389.95817457234097	\N	0.11824922649193666	2025-10-08 14:38:17.743186+05:30	3	5	2025-10-08 14:38:17.743157+05:30	2025-10-08 14:38:17.743168+05:30	2
96	370.3175194704694	1055.6484646551066	434.33617524642125	\N	0.054480006110385185	2025-10-08 14:38:17.744122+05:30	3	6	2025-10-08 14:38:17.744095+05:30	2025-10-08 14:38:17.744104+05:30	2
100	421.16772417871647	1583.1239465755266	551.6001715870029	\N	0.04184370481083596	2025-10-08 14:38:44.364263+05:30	2	7	2025-10-08 14:38:44.364228+05:30	2025-10-08 14:38:44.364242+05:30	3
101	421.45118257324543	1207.7601089025663	514.9549837061331	\N	0.047683328268431975	2025-10-08 14:38:44.365411+05:30	2	8	2025-10-08 14:38:44.36538+05:30	2025-10-08 14:38:44.365392+05:30	3
102	512.4957264075194	841.0263699307496	544.8728445830692	\N	0.05365273525358759	2025-10-08 14:38:44.366528+05:30	2	9	2025-10-08 14:38:44.366497+05:30	2025-10-08 14:38:44.366508+05:30	3
103	406.75736532303546	692.4994391024094	435.5789825888275	\N	0.06474833641849564	2025-10-08 14:38:44.371133+05:30	3	7	2025-10-08 14:38:44.371102+05:30	2025-10-08 14:38:44.371113+05:30	3
104	389.8599670536361	398.0783854490422	401.8740345292157	\N	0.08747175874525853	2025-10-08 14:38:44.372018+05:30	3	8	2025-10-08 14:38:44.371991+05:30	2025-10-08 14:38:44.372+05:30	3
105	339.95728991765736	1309.1571883097558	445.55960104500997	\N	0.05065282358740512	2025-10-08 14:38:44.372871+05:30	3	9	2025-10-08 14:38:44.372847+05:30	2025-10-08 14:38:44.372854+05:30	3
\.


--
-- Data for Name: tewa_track; Type: TABLE DATA; Schema: public; Owner: postgres
--

COPY public.tewa_track (id, track_id, lat, lon, alt_m, speed_mps, heading_deg, created_at, updated_at, scenario_id) FROM stdin;
3	T3	28.5	77.6	4800	210	315	2025-09-30 11:35:00+05:30	2025-09-30 11:35:00+05:30	1
4	T1-S2	29	77.5	3600	230	190	2025-09-30 11:35:00+05:30	2025-09-30 11:35:00+05:30	2
5	T2-S2	28.8	77.2	3300	240	175	2025-09-30 11:35:00+05:30	2025-09-30 11:35:00+05:30	2
6	T3-S2	28.6	77.7	4900	215	320	2025-09-30 11:35:00+05:30	2025-09-30 11:35:00+05:30	2
7	T1-S3	29.1	77.6	3700	225	185	2025-09-30 11:35:00+05:30	2025-09-30 11:35:00+05:30	3
8	T2-S3	28.9	77.3	3400	245	180	2025-09-30 11:35:00+05:30	2025-09-30 11:35:00+05:30	3
9	T3-S3	28.7	77.8	5000	220	310	2025-09-30 11:35:00+05:30	2025-09-30 11:35:00+05:30	3
10	T1	28.7041	77.1025	200	150	90	2025-10-07 17:27:29.263749+05:30	2025-10-07 17:27:29.263777+05:30	\N
11	T2	28.7042	77.1026	250	160	180	2025-10-07 17:27:29.270596+05:30	2025-10-07 17:27:29.270608+05:30	\N
1	T1	28.7041	77.1025	200	150	90	2025-09-30 11:35:00+05:30	2025-10-08 15:48:21.53338+05:30	1
2	T2	28.7042	77.1026	250	160	180	2025-09-30 11:35:00+05:30	2025-10-08 15:48:21.539827+05:30	1
\.


--
-- Data for Name: tewa_tracksample; Type: TABLE DATA; Schema: public; Owner: postgres
--

COPY public.tewa_tracksample (id, created_at, updated_at, t, lat, lon, alt_m, speed_mps, heading_deg, track_id) FROM stdin;
10	2025-10-04 17:16:09.759749+05:30	2025-10-06 11:50:33.288912+05:30	2025-09-30 06:06:00+05:30	28.7	77.1	3200	250	170	2
12	2025-10-04 17:19:46.808682+05:30	2025-10-06 11:50:33.290866+05:30	2025-09-30 06:07:00+05:30	28.5	77.6	4800	210	315	3
13	2025-10-06 14:27:04.006568+05:30	2025-10-06 14:27:04.006577+05:30	2025-10-06 14:27:04.005658+05:30	28.9	77.4	3500	220	200	1
14	2025-10-06 14:27:04.011343+05:30	2025-10-06 14:27:04.01135+05:30	2025-10-06 14:27:04.010762+05:30	28.7	77.1	3200	250	170	2
15	2025-10-06 14:27:04.014136+05:30	2025-10-06 14:27:04.014143+05:30	2025-10-06 14:27:04.013565+05:30	28.5	77.6	4800	210	315	3
16	2025-10-06 17:15:15.084346+05:30	2025-10-06 17:15:15.084365+05:30	2025-09-30 17:30:00+05:30	28.7041	77.1025	200	150	90	1
17	2025-10-06 17:15:15.090498+05:30	2025-10-06 17:15:15.090512+05:30	2025-09-30 17:40:00+05:30	28.7042	77.1026	250	160	180	2
1	2025-09-30 11:36:00+05:30	2025-09-30 11:36:00+05:30	2025-09-30 11:35:00+05:30	28.9	77.4	3500	220	200	1
2	2025-09-30 11:36:00+05:30	2025-09-30 11:36:00+05:30	2025-09-30 11:35:00+05:30	28.7	77.1	3200	250	170	2
3	2025-09-30 11:36:00+05:30	2025-09-30 11:36:00+05:30	2025-09-30 11:35:00+05:30	28.5	77.6	4800	210	315	3
4	2025-09-30 11:36:00+05:30	2025-09-30 11:36:00+05:30	2025-09-30 11:35:00+05:30	29	77.5	3600	230	190	4
5	2025-09-30 11:36:00+05:30	2025-09-30 11:36:00+05:30	2025-09-30 11:35:00+05:30	28.8	77.2	3300	240	175	5
6	2025-09-30 11:36:00+05:30	2025-09-30 11:36:00+05:30	2025-09-30 11:35:00+05:30	28.6	77.7	4900	215	320	6
7	2025-09-30 11:36:00+05:30	2025-09-30 11:36:00+05:30	2025-09-30 11:35:00+05:30	29.1	77.6	3700	225	185	7
8	2025-09-30 11:36:00+05:30	2025-09-30 11:36:00+05:30	2025-09-30 11:35:00+05:30	28.9	77.3	3400	245	180	8
9	2025-09-30 11:36:00+05:30	2025-09-30 11:36:00+05:30	2025-09-30 11:35:00+05:30	28.7	77.8	5000	220	310	9
18	2025-10-07 17:27:29.264602+05:30	2025-10-07 17:27:29.264613+05:30	2025-09-30 17:30:00+05:30	28.7041	77.1025	200	150	90	10
19	2025-10-07 17:27:29.271202+05:30	2025-10-07 17:27:29.271211+05:30	2025-09-30 17:40:00+05:30	28.7042	77.1026	250	160	180	11
\.


--
-- Name: auth_group_id_seq; Type: SEQUENCE SET; Schema: public; Owner: postgres
--

SELECT pg_catalog.setval('public.auth_group_id_seq', 1, false);


--
-- Name: auth_group_permissions_id_seq; Type: SEQUENCE SET; Schema: public; Owner: postgres
--

SELECT pg_catalog.setval('public.auth_group_permissions_id_seq', 1, false);


--
-- Name: auth_permission_id_seq; Type: SEQUENCE SET; Schema: public; Owner: postgres
--

SELECT pg_catalog.setval('public.auth_permission_id_seq', 48, true);


--
-- Name: auth_user_groups_id_seq; Type: SEQUENCE SET; Schema: public; Owner: postgres
--

SELECT pg_catalog.setval('public.auth_user_groups_id_seq', 1, false);


--
-- Name: auth_user_id_seq; Type: SEQUENCE SET; Schema: public; Owner: postgres
--

SELECT pg_catalog.setval('public.auth_user_id_seq', 1, true);


--
-- Name: auth_user_user_permissions_id_seq; Type: SEQUENCE SET; Schema: public; Owner: postgres
--

SELECT pg_catalog.setval('public.auth_user_user_permissions_id_seq', 1, false);


--
-- Name: django_admin_log_id_seq; Type: SEQUENCE SET; Schema: public; Owner: postgres
--

SELECT pg_catalog.setval('public.django_admin_log_id_seq', 1, true);


--
-- Name: django_content_type_id_seq; Type: SEQUENCE SET; Schema: public; Owner: postgres
--

SELECT pg_catalog.setval('public.django_content_type_id_seq', 12, true);


--
-- Name: django_migrations_id_seq; Type: SEQUENCE SET; Schema: public; Owner: postgres
--

SELECT pg_catalog.setval('public.django_migrations_id_seq', 26, true);


--
-- Name: tewa_defendedasset_id_seq; Type: SEQUENCE SET; Schema: public; Owner: postgres
--

SELECT pg_catalog.setval('public.tewa_defendedasset_id_seq', 5, true);


--
-- Name: tewa_modelparams_id_seq; Type: SEQUENCE SET; Schema: public; Owner: postgres
--

SELECT pg_catalog.setval('public.tewa_modelparams_id_seq', 4, true);


--
-- Name: tewa_scenario_id_seq; Type: SEQUENCE SET; Schema: public; Owner: postgres
--

SELECT pg_catalog.setval('public.tewa_scenario_id_seq', 4, true);


--
-- Name: tewa_threatscore_id_seq; Type: SEQUENCE SET; Schema: public; Owner: postgres
--

SELECT pg_catalog.setval('public.tewa_threatscore_id_seq', 105, true);


--
-- Name: tewa_track_id_seq; Type: SEQUENCE SET; Schema: public; Owner: postgres
--

SELECT pg_catalog.setval('public.tewa_track_id_seq', 11, true);


--
-- Name: tewa_tracksample_id_seq; Type: SEQUENCE SET; Schema: public; Owner: postgres
--

SELECT pg_catalog.setval('public.tewa_tracksample_id_seq', 21, true);


--
-- Name: auth_group auth_group_name_key; Type: CONSTRAINT; Schema: public; Owner: postgres
--

ALTER TABLE ONLY public.auth_group
    ADD CONSTRAINT auth_group_name_key UNIQUE (name);


--
-- Name: auth_group_permissions auth_group_permissions_group_id_permission_id_0cd325b0_uniq; Type: CONSTRAINT; Schema: public; Owner: postgres
--

ALTER TABLE ONLY public.auth_group_permissions
    ADD CONSTRAINT auth_group_permissions_group_id_permission_id_0cd325b0_uniq UNIQUE (group_id, permission_id);


--
-- Name: auth_group_permissions auth_group_permissions_pkey; Type: CONSTRAINT; Schema: public; Owner: postgres
--

ALTER TABLE ONLY public.auth_group_permissions
    ADD CONSTRAINT auth_group_permissions_pkey PRIMARY KEY (id);


--
-- Name: auth_group auth_group_pkey; Type: CONSTRAINT; Schema: public; Owner: postgres
--

ALTER TABLE ONLY public.auth_group
    ADD CONSTRAINT auth_group_pkey PRIMARY KEY (id);


--
-- Name: auth_permission auth_permission_content_type_id_codename_01ab375a_uniq; Type: CONSTRAINT; Schema: public; Owner: postgres
--

ALTER TABLE ONLY public.auth_permission
    ADD CONSTRAINT auth_permission_content_type_id_codename_01ab375a_uniq UNIQUE (content_type_id, codename);


--
-- Name: auth_permission auth_permission_pkey; Type: CONSTRAINT; Schema: public; Owner: postgres
--

ALTER TABLE ONLY public.auth_permission
    ADD CONSTRAINT auth_permission_pkey PRIMARY KEY (id);


--
-- Name: auth_user_groups auth_user_groups_pkey; Type: CONSTRAINT; Schema: public; Owner: postgres
--

ALTER TABLE ONLY public.auth_user_groups
    ADD CONSTRAINT auth_user_groups_pkey PRIMARY KEY (id);


--
-- Name: auth_user_groups auth_user_groups_user_id_group_id_94350c0c_uniq; Type: CONSTRAINT; Schema: public; Owner: postgres
--

ALTER TABLE ONLY public.auth_user_groups
    ADD CONSTRAINT auth_user_groups_user_id_group_id_94350c0c_uniq UNIQUE (user_id, group_id);


--
-- Name: auth_user auth_user_pkey; Type: CONSTRAINT; Schema: public; Owner: postgres
--

ALTER TABLE ONLY public.auth_user
    ADD CONSTRAINT auth_user_pkey PRIMARY KEY (id);


--
-- Name: auth_user_user_permissions auth_user_user_permissions_pkey; Type: CONSTRAINT; Schema: public; Owner: postgres
--

ALTER TABLE ONLY public.auth_user_user_permissions
    ADD CONSTRAINT auth_user_user_permissions_pkey PRIMARY KEY (id);


--
-- Name: auth_user_user_permissions auth_user_user_permissions_user_id_permission_id_14a6b632_uniq; Type: CONSTRAINT; Schema: public; Owner: postgres
--

ALTER TABLE ONLY public.auth_user_user_permissions
    ADD CONSTRAINT auth_user_user_permissions_user_id_permission_id_14a6b632_uniq UNIQUE (user_id, permission_id);


--
-- Name: auth_user auth_user_username_key; Type: CONSTRAINT; Schema: public; Owner: postgres
--

ALTER TABLE ONLY public.auth_user
    ADD CONSTRAINT auth_user_username_key UNIQUE (username);


--
-- Name: django_admin_log django_admin_log_pkey; Type: CONSTRAINT; Schema: public; Owner: postgres
--

ALTER TABLE ONLY public.django_admin_log
    ADD CONSTRAINT django_admin_log_pkey PRIMARY KEY (id);


--
-- Name: django_content_type django_content_type_app_label_model_76bd3d3b_uniq; Type: CONSTRAINT; Schema: public; Owner: postgres
--

ALTER TABLE ONLY public.django_content_type
    ADD CONSTRAINT django_content_type_app_label_model_76bd3d3b_uniq UNIQUE (app_label, model);


--
-- Name: django_content_type django_content_type_pkey; Type: CONSTRAINT; Schema: public; Owner: postgres
--

ALTER TABLE ONLY public.django_content_type
    ADD CONSTRAINT django_content_type_pkey PRIMARY KEY (id);


--
-- Name: django_migrations django_migrations_pkey; Type: CONSTRAINT; Schema: public; Owner: postgres
--

ALTER TABLE ONLY public.django_migrations
    ADD CONSTRAINT django_migrations_pkey PRIMARY KEY (id);


--
-- Name: django_session django_session_pkey; Type: CONSTRAINT; Schema: public; Owner: postgres
--

ALTER TABLE ONLY public.django_session
    ADD CONSTRAINT django_session_pkey PRIMARY KEY (session_key);


--
-- Name: tewa_defendedasset tewa_defendedasset_pkey; Type: CONSTRAINT; Schema: public; Owner: postgres
--

ALTER TABLE ONLY public.tewa_defendedasset
    ADD CONSTRAINT tewa_defendedasset_pkey PRIMARY KEY (id);


--
-- Name: tewa_modelparams tewa_modelparams_pkey; Type: CONSTRAINT; Schema: public; Owner: postgres
--

ALTER TABLE ONLY public.tewa_modelparams
    ADD CONSTRAINT tewa_modelparams_pkey PRIMARY KEY (id);


--
-- Name: tewa_modelparams tewa_modelparams_scenario_id_key; Type: CONSTRAINT; Schema: public; Owner: postgres
--

ALTER TABLE ONLY public.tewa_modelparams
    ADD CONSTRAINT tewa_modelparams_scenario_id_key UNIQUE (scenario_id);


--
-- Name: tewa_scenario tewa_scenario_name_key; Type: CONSTRAINT; Schema: public; Owner: postgres
--

ALTER TABLE ONLY public.tewa_scenario
    ADD CONSTRAINT tewa_scenario_name_key UNIQUE (name);


--
-- Name: tewa_scenario tewa_scenario_pkey; Type: CONSTRAINT; Schema: public; Owner: postgres
--

ALTER TABLE ONLY public.tewa_scenario
    ADD CONSTRAINT tewa_scenario_pkey PRIMARY KEY (id);


--
-- Name: tewa_threatscore tewa_threatscore_pkey; Type: CONSTRAINT; Schema: public; Owner: postgres
--

ALTER TABLE ONLY public.tewa_threatscore
    ADD CONSTRAINT tewa_threatscore_pkey PRIMARY KEY (id);


--
-- Name: tewa_threatscore tewa_threatscore_scenario_id_track_id_da__493c3707_uniq; Type: CONSTRAINT; Schema: public; Owner: postgres
--

ALTER TABLE ONLY public.tewa_threatscore
    ADD CONSTRAINT tewa_threatscore_scenario_id_track_id_da__493c3707_uniq UNIQUE (scenario_id, track_id, da_id, computed_at);


--
-- Name: tewa_track tewa_track_pkey; Type: CONSTRAINT; Schema: public; Owner: postgres
--

ALTER TABLE ONLY public.tewa_track
    ADD CONSTRAINT tewa_track_pkey PRIMARY KEY (id);


--
-- Name: tewa_track tewa_track_scenario_id_track_id_ff2d7f1b_uniq; Type: CONSTRAINT; Schema: public; Owner: postgres
--

ALTER TABLE ONLY public.tewa_track
    ADD CONSTRAINT tewa_track_scenario_id_track_id_ff2d7f1b_uniq UNIQUE (scenario_id, track_id);


--
-- Name: tewa_tracksample tewa_tracksample_pkey; Type: CONSTRAINT; Schema: public; Owner: postgres
--

ALTER TABLE ONLY public.tewa_tracksample
    ADD CONSTRAINT tewa_tracksample_pkey PRIMARY KEY (id);


--
-- Name: tewa_tracksample tewa_tracksample_track_id_t_94f52496_uniq; Type: CONSTRAINT; Schema: public; Owner: postgres
--

ALTER TABLE ONLY public.tewa_tracksample
    ADD CONSTRAINT tewa_tracksample_track_id_t_94f52496_uniq UNIQUE (track_id, t);


--
-- Name: auth_group_name_a6ea08ec_like; Type: INDEX; Schema: public; Owner: postgres
--

CREATE INDEX auth_group_name_a6ea08ec_like ON public.auth_group USING btree (name varchar_pattern_ops);


--
-- Name: auth_group_permissions_group_id_b120cbf9; Type: INDEX; Schema: public; Owner: postgres
--

CREATE INDEX auth_group_permissions_group_id_b120cbf9 ON public.auth_group_permissions USING btree (group_id);


--
-- Name: auth_group_permissions_permission_id_84c5c92e; Type: INDEX; Schema: public; Owner: postgres
--

CREATE INDEX auth_group_permissions_permission_id_84c5c92e ON public.auth_group_permissions USING btree (permission_id);


--
-- Name: auth_permission_content_type_id_2f476e4b; Type: INDEX; Schema: public; Owner: postgres
--

CREATE INDEX auth_permission_content_type_id_2f476e4b ON public.auth_permission USING btree (content_type_id);


--
-- Name: auth_user_groups_group_id_97559544; Type: INDEX; Schema: public; Owner: postgres
--

CREATE INDEX auth_user_groups_group_id_97559544 ON public.auth_user_groups USING btree (group_id);


--
-- Name: auth_user_groups_user_id_6a12ed8b; Type: INDEX; Schema: public; Owner: postgres
--

CREATE INDEX auth_user_groups_user_id_6a12ed8b ON public.auth_user_groups USING btree (user_id);


--
-- Name: auth_user_user_permissions_permission_id_1fbb5f2c; Type: INDEX; Schema: public; Owner: postgres
--

CREATE INDEX auth_user_user_permissions_permission_id_1fbb5f2c ON public.auth_user_user_permissions USING btree (permission_id);


--
-- Name: auth_user_user_permissions_user_id_a95ead1b; Type: INDEX; Schema: public; Owner: postgres
--

CREATE INDEX auth_user_user_permissions_user_id_a95ead1b ON public.auth_user_user_permissions USING btree (user_id);


--
-- Name: auth_user_username_6821ab7c_like; Type: INDEX; Schema: public; Owner: postgres
--

CREATE INDEX auth_user_username_6821ab7c_like ON public.auth_user USING btree (username varchar_pattern_ops);


--
-- Name: django_admin_log_content_type_id_c4bce8eb; Type: INDEX; Schema: public; Owner: postgres
--

CREATE INDEX django_admin_log_content_type_id_c4bce8eb ON public.django_admin_log USING btree (content_type_id);


--
-- Name: django_admin_log_user_id_c564eba6; Type: INDEX; Schema: public; Owner: postgres
--

CREATE INDEX django_admin_log_user_id_c564eba6 ON public.django_admin_log USING btree (user_id);


--
-- Name: django_session_expire_date_a5c62663; Type: INDEX; Schema: public; Owner: postgres
--

CREATE INDEX django_session_expire_date_a5c62663 ON public.django_session USING btree (expire_date);


--
-- Name: django_session_session_key_c0390e0f_like; Type: INDEX; Schema: public; Owner: postgres
--

CREATE INDEX django_session_session_key_c0390e0f_like ON public.django_session USING btree (session_key varchar_pattern_ops);


--
-- Name: tewa_scenario_name_82b12448_like; Type: INDEX; Schema: public; Owner: postgres
--

CREATE INDEX tewa_scenario_name_82b12448_like ON public.tewa_scenario USING btree (name varchar_pattern_ops);


--
-- Name: tewa_threat_scenari_0277ed_idx; Type: INDEX; Schema: public; Owner: postgres
--

CREATE INDEX tewa_threat_scenari_0277ed_idx ON public.tewa_threatscore USING btree (scenario_id, track_id, computed_at);


--
-- Name: tewa_threat_scenari_0cc5ee_idx; Type: INDEX; Schema: public; Owner: postgres
--

CREATE INDEX tewa_threat_scenari_0cc5ee_idx ON public.tewa_threatscore USING btree (scenario_id, da_id, computed_at);


--
-- Name: tewa_threatscore_da_id_bf48f86d; Type: INDEX; Schema: public; Owner: postgres
--

CREATE INDEX tewa_threatscore_da_id_bf48f86d ON public.tewa_threatscore USING btree (da_id);


--
-- Name: tewa_threatscore_scenario_id_2cf9fcc7; Type: INDEX; Schema: public; Owner: postgres
--

CREATE INDEX tewa_threatscore_scenario_id_2cf9fcc7 ON public.tewa_threatscore USING btree (scenario_id);


--
-- Name: tewa_threatscore_track_id_ed53b4c8; Type: INDEX; Schema: public; Owner: postgres
--

CREATE INDEX tewa_threatscore_track_id_ed53b4c8 ON public.tewa_threatscore USING btree (track_id);


--
-- Name: tewa_track_lat_d8954a_idx; Type: INDEX; Schema: public; Owner: postgres
--

CREATE INDEX tewa_track_lat_d8954a_idx ON public.tewa_track USING btree (lat, lon);


--
-- Name: tewa_track_scenari_a864d0_idx; Type: INDEX; Schema: public; Owner: postgres
--

CREATE INDEX tewa_track_scenari_a864d0_idx ON public.tewa_track USING btree (scenario_id, track_id);


--
-- Name: tewa_track_scenario_id_bbf8ece5; Type: INDEX; Schema: public; Owner: postgres
--

CREATE INDEX tewa_track_scenario_id_bbf8ece5 ON public.tewa_track USING btree (scenario_id);


--
-- Name: tewa_tracks_lat_2fbc59_idx; Type: INDEX; Schema: public; Owner: postgres
--

CREATE INDEX tewa_tracks_lat_2fbc59_idx ON public.tewa_tracksample USING btree (lat, lon);


--
-- Name: tewa_tracks_track_i_3fa523_idx; Type: INDEX; Schema: public; Owner: postgres
--

CREATE INDEX tewa_tracks_track_i_3fa523_idx ON public.tewa_tracksample USING btree (track_id, t);


--
-- Name: tewa_tracksample_track_id_74966f33; Type: INDEX; Schema: public; Owner: postgres
--

CREATE INDEX tewa_tracksample_track_id_74966f33 ON public.tewa_tracksample USING btree (track_id);


--
-- Name: auth_group_permissions auth_group_permissio_permission_id_84c5c92e_fk_auth_perm; Type: FK CONSTRAINT; Schema: public; Owner: postgres
--

ALTER TABLE ONLY public.auth_group_permissions
    ADD CONSTRAINT auth_group_permissio_permission_id_84c5c92e_fk_auth_perm FOREIGN KEY (permission_id) REFERENCES public.auth_permission(id) DEFERRABLE INITIALLY DEFERRED;


--
-- Name: auth_group_permissions auth_group_permissions_group_id_b120cbf9_fk_auth_group_id; Type: FK CONSTRAINT; Schema: public; Owner: postgres
--

ALTER TABLE ONLY public.auth_group_permissions
    ADD CONSTRAINT auth_group_permissions_group_id_b120cbf9_fk_auth_group_id FOREIGN KEY (group_id) REFERENCES public.auth_group(id) DEFERRABLE INITIALLY DEFERRED;


--
-- Name: auth_permission auth_permission_content_type_id_2f476e4b_fk_django_co; Type: FK CONSTRAINT; Schema: public; Owner: postgres
--

ALTER TABLE ONLY public.auth_permission
    ADD CONSTRAINT auth_permission_content_type_id_2f476e4b_fk_django_co FOREIGN KEY (content_type_id) REFERENCES public.django_content_type(id) DEFERRABLE INITIALLY DEFERRED;


--
-- Name: auth_user_groups auth_user_groups_group_id_97559544_fk_auth_group_id; Type: FK CONSTRAINT; Schema: public; Owner: postgres
--

ALTER TABLE ONLY public.auth_user_groups
    ADD CONSTRAINT auth_user_groups_group_id_97559544_fk_auth_group_id FOREIGN KEY (group_id) REFERENCES public.auth_group(id) DEFERRABLE INITIALLY DEFERRED;


--
-- Name: auth_user_groups auth_user_groups_user_id_6a12ed8b_fk_auth_user_id; Type: FK CONSTRAINT; Schema: public; Owner: postgres
--

ALTER TABLE ONLY public.auth_user_groups
    ADD CONSTRAINT auth_user_groups_user_id_6a12ed8b_fk_auth_user_id FOREIGN KEY (user_id) REFERENCES public.auth_user(id) DEFERRABLE INITIALLY DEFERRED;


--
-- Name: auth_user_user_permissions auth_user_user_permi_permission_id_1fbb5f2c_fk_auth_perm; Type: FK CONSTRAINT; Schema: public; Owner: postgres
--

ALTER TABLE ONLY public.auth_user_user_permissions
    ADD CONSTRAINT auth_user_user_permi_permission_id_1fbb5f2c_fk_auth_perm FOREIGN KEY (permission_id) REFERENCES public.auth_permission(id) DEFERRABLE INITIALLY DEFERRED;


--
-- Name: auth_user_user_permissions auth_user_user_permissions_user_id_a95ead1b_fk_auth_user_id; Type: FK CONSTRAINT; Schema: public; Owner: postgres
--

ALTER TABLE ONLY public.auth_user_user_permissions
    ADD CONSTRAINT auth_user_user_permissions_user_id_a95ead1b_fk_auth_user_id FOREIGN KEY (user_id) REFERENCES public.auth_user(id) DEFERRABLE INITIALLY DEFERRED;


--
-- Name: django_admin_log django_admin_log_content_type_id_c4bce8eb_fk_django_co; Type: FK CONSTRAINT; Schema: public; Owner: postgres
--

ALTER TABLE ONLY public.django_admin_log
    ADD CONSTRAINT django_admin_log_content_type_id_c4bce8eb_fk_django_co FOREIGN KEY (content_type_id) REFERENCES public.django_content_type(id) DEFERRABLE INITIALLY DEFERRED;


--
-- Name: django_admin_log django_admin_log_user_id_c564eba6_fk_auth_user_id; Type: FK CONSTRAINT; Schema: public; Owner: postgres
--

ALTER TABLE ONLY public.django_admin_log
    ADD CONSTRAINT django_admin_log_user_id_c564eba6_fk_auth_user_id FOREIGN KEY (user_id) REFERENCES public.auth_user(id) DEFERRABLE INITIALLY DEFERRED;


--
-- Name: tewa_modelparams tewa_modelparams_scenario_id_baf4619f_fk_tewa_scenario_id; Type: FK CONSTRAINT; Schema: public; Owner: postgres
--

ALTER TABLE ONLY public.tewa_modelparams
    ADD CONSTRAINT tewa_modelparams_scenario_id_baf4619f_fk_tewa_scenario_id FOREIGN KEY (scenario_id) REFERENCES public.tewa_scenario(id) DEFERRABLE INITIALLY DEFERRED;


--
-- Name: tewa_threatscore tewa_threatscore_da_id_bf48f86d_fk_tewa_defendedasset_id; Type: FK CONSTRAINT; Schema: public; Owner: postgres
--

ALTER TABLE ONLY public.tewa_threatscore
    ADD CONSTRAINT tewa_threatscore_da_id_bf48f86d_fk_tewa_defendedasset_id FOREIGN KEY (da_id) REFERENCES public.tewa_defendedasset(id) DEFERRABLE INITIALLY DEFERRED;


--
-- Name: tewa_threatscore tewa_threatscore_scenario_id_2cf9fcc7_fk_tewa_scenario_id; Type: FK CONSTRAINT; Schema: public; Owner: postgres
--

ALTER TABLE ONLY public.tewa_threatscore
    ADD CONSTRAINT tewa_threatscore_scenario_id_2cf9fcc7_fk_tewa_scenario_id FOREIGN KEY (scenario_id) REFERENCES public.tewa_scenario(id) DEFERRABLE INITIALLY DEFERRED;


--
-- Name: tewa_threatscore tewa_threatscore_track_id_ed53b4c8_fk_tewa_track_id; Type: FK CONSTRAINT; Schema: public; Owner: postgres
--

ALTER TABLE ONLY public.tewa_threatscore
    ADD CONSTRAINT tewa_threatscore_track_id_ed53b4c8_fk_tewa_track_id FOREIGN KEY (track_id) REFERENCES public.tewa_track(id) DEFERRABLE INITIALLY DEFERRED;


--
-- Name: tewa_track tewa_track_scenario_id_bbf8ece5_fk_tewa_scenario_id; Type: FK CONSTRAINT; Schema: public; Owner: postgres
--

ALTER TABLE ONLY public.tewa_track
    ADD CONSTRAINT tewa_track_scenario_id_bbf8ece5_fk_tewa_scenario_id FOREIGN KEY (scenario_id) REFERENCES public.tewa_scenario(id) DEFERRABLE INITIALLY DEFERRED;


--
-- Name: tewa_tracksample tewa_tracksample_track_id_74966f33_fk_tewa_track_id; Type: FK CONSTRAINT; Schema: public; Owner: postgres
--

ALTER TABLE ONLY public.tewa_tracksample
    ADD CONSTRAINT tewa_tracksample_track_id_74966f33_fk_tewa_track_id FOREIGN KEY (track_id) REFERENCES public.tewa_track(id) DEFERRABLE INITIALLY DEFERRED;


--
-- Name: SCHEMA public; Type: ACL; Schema: -; Owner: postgres
--

REVOKE USAGE ON SCHEMA public FROM PUBLIC;
GRANT ALL ON SCHEMA public TO PUBLIC;


--
-- PostgreSQL database dump complete
--

\unrestrict hcDgEgu7lJF43emh4AmwYx9TORsDuTwreW5w7PtvwFWig5IvA1sdCOcy6P1PQOV

